image_path,class_name,labels,feature_vector,x,y
/kaggle/input/van-gogh-paintings/Arles/The Baby Marcelle Roulin 3.jpg,Arles,1,"[-0.01394159 -0.08226652  0.42865086 ... -0.07674949 -0.03546512
 -0.01937317]",8.841568,-2.775674
/kaggle/input/van-gogh-paintings/Arles/Three Sunflowers in a Vase.jpg,Arles,1,"[-0.04445058  0.04967071  1.0795664  ... -0.13834342 -0.07767398
 -0.15145741]",1.6205475,0.9120784
/kaggle/input/van-gogh-paintings/Arles/Ploughed Field.jpg,Arles,1,"[-0.144331    0.39981973 -0.1896392  ...  0.0239222   0.19407822
 -0.04117874]",-9.33711,-4.1577196
/kaggle/input/van-gogh-paintings/Arles/Portrait of the Postman Joseph Roulin 6.jpg,Arles,1,"[-0.06499217  0.09556849  0.06455079 ... -0.0912517  -0.12758535
  0.17415869]",18.145416,-1.569106
/kaggle/input/van-gogh-paintings/Arles/Still Life French Novels.jpg,Arles,1,"[-0.14749265 -0.04363978  0.89293396 ... -0.12073454 -0.01709431
 -0.07958262]",2.1939228,-8.109316
"/kaggle/input/van-gogh-paintings/Arles/Still Life Blue Enamel Coffeepot, Earthenware and Fruit.jpg",Arles,1,"[-0.18505909  0.07507301  0.09848677 ... -0.18928206 -0.18940637
 -0.13726257]",2.0785046,4.8222184
/kaggle/input/van-gogh-paintings/Arles/Portrait of the Postman Joseph Roulin 7.jpg,Arles,1,"[-0.04071127  0.09955617  0.17548199 ... -0.13368852 -0.21653219
  0.07939019]",17.976805,-1.5183275
/kaggle/input/van-gogh-paintings/Arles/Orchard in Blossom 2.jpg,Arles,1,"[-0.20375921  0.07775424  0.32399002 ...  0.01148663  0.28406015
  0.4579223 ]",-7.102731,-2.110755
/kaggle/input/van-gogh-paintings/Arles/Two Crabs.jpg,Arles,1,"[-0.08347302  1.2114438   0.70532143 ... -0.11465366  0.0837354
  0.6249266 ]",7.725385,4.58669
/kaggle/input/van-gogh-paintings/Arles/Farmhouses in a Wheat Field Near Arles.jpg,Arles,1,"[-0.04815795  0.50708246  0.56449795 ... -0.05524598  0.03835385
  0.40304816]",-8.187394,-3.362206
/kaggle/input/van-gogh-paintings/Arles/View of Arles with Trees in Blossom.jpg,Arles,1,"[-0.08979779 -0.11406289  0.2481874  ...  0.03069849  0.71236104
  0.66975534]",-4.387518,-1.7696745
/kaggle/input/van-gogh-paintings/Arles/Orchard in Blossom Plum Trees.jpg,Arles,1,"[-0.17735301 -0.09362388  0.3060716  ... -0.05327728  0.35275713
  0.22394699]",-11.613907,-3.9353316
/kaggle/input/van-gogh-paintings/Arles/Canal with Women Washing.jpg,Arles,1,"[-0.04932792  0.71582544  0.7542694  ... -0.0487987  -0.02237484
  0.12628686]",-7.293229,-9.541788
"/kaggle/input/van-gogh-paintings/Arles/Portrait of Patience Escalier, Shepherd in Provence.jpg",Arles,1,"[ 0.09679454 -0.12918223 -0.15950538 ... -0.15322356 -0.06073274
  0.00151829]",12.406604,-1.9566987
/kaggle/input/van-gogh-paintings/Arles/Tarascon Diligence.jpg,Arles,1,"[ 0.51270473 -0.11225361  0.19611728 ... -0.2010189  -0.13839579
  0.00455633]",0.41665268,-12.4359865
"/kaggle/input/van-gogh-paintings/Arles/Still Life Bottle, Lemons and Oranges.jpg",Arles,1,"[-0.18762244  0.7058736   0.39349645 ... -0.17754737  0.01824319
  0.09880176]",8.675603,-7.553959
/kaggle/input/van-gogh-paintings/Arles/A Pair of Leather Clogs.jpg,Arles,1,"[-0.20305115  1.0470928   0.6337096  ... -0.16146839  0.535122
  0.03589353]",4.226828,-6.6129947
/kaggle/input/van-gogh-paintings/Arles/The Langlois Bridge at Arles with Road Alongside the Canal.jpg,Arles,1,"[ 0.6678805   0.45485523  1.308119   ... -0.14796418 -0.21475701
  0.2043615 ]",-6.090462,2.4739232
/kaggle/input/van-gogh-paintings/Arles/Self-Portrait with Bandaged Ear.jpg,Arles,1,"[-0.0314835  -0.08478185  0.13772646 ... -0.11583221 -0.0797706
  0.1487638 ]",12.2517805,0.92434293
/kaggle/input/van-gogh-paintings/Arles/Paul Gauguin Man in a Red Beret.jpg,Arles,1,"[ 0.06871238  0.21080032  0.30706125 ... -0.03689865  0.15766692
  0.3240602 ]",11.828333,10.053828
/kaggle/input/van-gogh-paintings/Arles/Portrait of Camille Roulin 2.jpg,Arles,1,"[ 0.2344717  -0.09260134  0.13940689 ... -0.20738813 -0.08208129
 -0.04645099]",13.178735,1.9852179
/kaggle/input/van-gogh-paintings/Arles/Fishing Boats on the Beach at Saintes-Maries.jpg,Arles,1,"[ 0.05542333 -0.01517006  0.11903349 ...  0.14028367 -0.01091334
  0.81227684]",-3.828156,1.083201
/kaggle/input/van-gogh-paintings/Arles/The Brothel.jpg,Arles,1,"[-0.12602913  0.06699826  0.71831423 ... -0.12782824  0.03554621
  0.04101994]",6.6644206,0.5359933
/kaggle/input/van-gogh-paintings/Arles/Flowering Garden with Path.jpg,Arles,1,"[-0.09007936  0.45043525  0.2228766  ...  0.01453955 -0.11164831
  0.4478224 ]",-3.702994,-3.1244204
/kaggle/input/van-gogh-paintings/Arles/Apricot Trees in Blossom 2.jpg,Arles,1,"[-0.1442672   0.1575054   0.15229645 ... -0.0067566   0.5981262
  0.23380905]",-11.703681,-3.263283
/kaggle/input/van-gogh-paintings/Arles/Crab on Its Back.jpg,Arles,1,"[-0.14484343  0.8246417   1.0149628  ... -0.03140813 -0.06077498
  0.5717618 ]",8.073968,4.5771294
/kaggle/input/van-gogh-paintings/Arles/La Berceuse Augustine Roulin 3.jpg,Arles,1,"[-0.11418919 -0.09911462  0.6878549  ... -0.12148339 -0.07705429
  0.24558367]",8.439203,0.22820292
/kaggle/input/van-gogh-paintings/Arles/Orchard with Blossoming Apricot Trees.jpg,Arles,1,"[-0.20043741 -0.18354954 -0.11319389 ...  0.04750779  0.52067995
  0.20536208]",-11.98715,-3.3576212
/kaggle/input/van-gogh-paintings/Auvers sur Oise/Marguerite Gachet in the Garden.jpg,Auvers sur Oise,2,"[-0.19865856  0.09309348 -0.00870005 ... -0.02545569 -0.12589037
  0.8095194 ]",-1.7871562,-4.2257185
/kaggle/input/van-gogh-paintings/Auvers sur Oise/View of Auvers with Church.jpg,Auvers sur Oise,2,"[-0.0553035   0.240821    0.6214235  ... -0.12011712  0.12513769
  0.54409415]",-2.317896,-5.208047
/kaggle/input/van-gogh-paintings/Auvers sur Oise/Landscape with the Chateau of Auvers at Sunset.jpg,Auvers sur Oise,2,"[-0.14775753  0.27751744  0.35511643 ... -0.0310147   0.24896842
  0.8509624 ]",-2.7818394,-3.5912504
/kaggle/input/van-gogh-paintings/Auvers sur Oise/Blossoming Acacia Branches.jpg,Auvers sur Oise,2,"[-0.07940707  1.1159179   0.2689592  ... -0.07073247  0.10837691
 -0.13039383]",-4.0332327,-7.3742533
/kaggle/input/van-gogh-paintings/Auvers sur Oise/Plain Near Auvers.jpg,Auvers sur Oise,2,"[-0.08320732  0.597533    0.6341419  ...  0.00302307 -0.01626511
  0.6226329 ]",-4.299238,-4.426341
/kaggle/input/van-gogh-paintings/Auvers sur Oise/Young Girl Standing Against a Background of Wheat.jpg,Auvers sur Oise,2,"[-0.1614683  -0.10328098 -0.02770635 ...  0.06369134  0.12407212
  0.14103448]",10.252804,-3.6148868
/kaggle/input/van-gogh-paintings/Auvers sur Oise/Portrait of Doctor Gachet 2.jpg,Auvers sur Oise,2,"[-0.14346845 -0.02602033  0.09737137 ... -0.0690313   0.05795234
  0.6850587 ]",7.467926,-2.6372297
/kaggle/input/van-gogh-paintings/Auvers sur Oise/Portrait of Doctor Gachet L Homme a la Pipe.jpg,Auvers sur Oise,2,"[-0.13662608  0.6460237   0.7297191  ... -0.13311772 -0.00496813
  0.16037433]",6.069425,2.2127316
/kaggle/input/van-gogh-paintings/Auvers sur Oise/Wheat Fields near Auvers.jpg,Auvers sur Oise,2,"[-0.02025481  0.56989276  0.6356336  ...  0.02545836 -0.0841699
  0.7480285 ]",-3.4828496,-5.399551
/kaggle/input/van-gogh-paintings/Auvers sur Oise/Vineyards with a View of Auvers.jpg,Auvers sur Oise,2,"[-0.2112157   0.4287009   0.1582582  ...  0.00588547 -0.07917354
  0.5221332 ]",-3.4887114,-4.2292995
/kaggle/input/van-gogh-paintings/Auvers sur Oise/Thatched Sandstone Cottages in Chaponval.jpg,Auvers sur Oise,2,"[-0.14854859  0.4747714   0.5153192  ... -0.0868683   0.09590507
  0.30684456]",-0.2879445,-4.143532
/kaggle/input/van-gogh-paintings/Auvers sur Oise/Farmhouse with Two Figures.jpg,Auvers sur Oise,2,"[-0.10894635  0.26074553  0.45581344 ... -0.06404567  0.06419797
  0.70236635]",0.25349006,-5.660745
/kaggle/input/van-gogh-paintings/Auvers sur Oise/Auvers Town Hall on 14 July 1890.jpg,Auvers sur Oise,2,"[-0.10881196 -0.04770287  0.47093105 ... -0.18555255  0.2741036
  1.0907958 ]",-0.5809438,-8.273795
/kaggle/input/van-gogh-paintings/Auvers sur Oise/Doctor Gachet s Garden in Auvers.jpg,Auvers sur Oise,2,"[-0.0197798   0.24762693  0.21784125 ... -0.09093221 -0.02816552
  0.9447739 ]",-4.0180035,-6.212677
/kaggle/input/van-gogh-paintings/Auvers sur Oise/Child with Orange.jpg,Auvers sur Oise,2,"[-0.00204705 -0.14462687  0.9120932  ... -0.09852058  0.85294265
  0.14578116]",7.565731,-3.2596257
/kaggle/input/van-gogh-paintings/Auvers sur Oise/Thatched Cottages at Cordeville.jpg,Auvers sur Oise,2,"[-0.13721347  0.84946156  0.5611145  ... -0.08469234 -0.09327076
  0.5523919 ]",-1.23401,-4.697562
/kaggle/input/van-gogh-paintings/Auvers sur Oise/Field with Stacks of Wheat.jpg,Auvers sur Oise,2,"[-0.17827457  0.33442152  1.089818   ... -0.12153308  0.22274141
  0.01209757]",1.8156197,-3.8182278
/kaggle/input/van-gogh-paintings/Auvers sur Oise/Bank of the Oise at Auvers.jpg,Auvers sur Oise,2,"[-0.17946362 -0.04517652  0.32472014 ... -0.13404672 -0.00190665
  0.9067914 ]",-3.3349466,0.6775099
/kaggle/input/van-gogh-paintings/Auvers sur Oise/Marguerite Gachet at the Piano.jpg,Auvers sur Oise,2,"[-0.21691057  0.28462124  0.61204004 ... -0.03583527 -0.02890807
  0.26381993]",5.7095075,-7.358134
/kaggle/input/van-gogh-paintings/Auvers sur Oise/Wild Flowers and Thistles in a Vase.jpg,Auvers sur Oise,2,"[ 0.06467427  0.10979395  1.0167071  ... -0.12770726  0.2755844
  0.6454877 ]",2.7072594,-0.4539101
/kaggle/input/van-gogh-paintings/Auvers sur Oise/Village Street in Auvers.jpg,Auvers sur Oise,2,"[-0.12162567  0.09770143  0.12319052 ... -0.08656222  0.33896196
  0.47782955]",-1.2483612,-6.903864
/kaggle/input/van-gogh-paintings/Auvers sur Oise/Thatched Cottages by a Hill.jpg,Auvers sur Oise,2,"[-0.16617183  0.17225832  0.623315   ... -0.06160997 -0.0413587
  0.7101893 ]",-0.9617128,-5.1467237
/kaggle/input/van-gogh-paintings/Auvers sur Oise/Portrait of Adeline Ravoux 3.jpg,Auvers sur Oise,2,"[ 0.09320182  0.25139305  0.86423606 ... -0.03298831  0.15565121
  0.5931158 ]",9.918007,10.919496
/kaggle/input/van-gogh-paintings/Auvers sur Oise/Houses in Auvers.jpg,Auvers sur Oise,2,"[-0.10660393  0.284824    1.0199485  ... -0.06906364  0.22061974
  0.5462429 ]",-0.9883546,-5.9054585
/kaggle/input/van-gogh-paintings/Auvers sur Oise/Still Life Glass with Carnations.jpg,Auvers sur Oise,2,"[-0.17657694  0.17886405  0.4268868  ... -0.18242225  0.1756901
  0.14361663]",0.59222835,0.36636117
/kaggle/input/van-gogh-paintings/Auvers sur Oise/Landscape at Auvers in the Rain.jpg,Auvers sur Oise,2,"[-0.12722166  0.7431019   0.2801072  ... -0.08182232 -0.11676142
  0.13180935]",-6.964494,-6.976334
/kaggle/input/van-gogh-paintings/Auvers sur Oise/Wheat Field with Cornflowers.jpg,Auvers sur Oise,2,"[-0.20473959  0.8657251   0.510246   ...  0.05021856  0.05525395
  0.07810307]",-5.4686594,-6.129534
/kaggle/input/van-gogh-paintings/Auvers sur Oise/Village Street and Steps in Auvers with Figures.jpg,Auvers sur Oise,2,"[ 0.01794581  0.31403947  0.4597066  ... -0.04189798  0.49583736
  0.10583922]",2.8945985,-1.8528115
"/kaggle/input/van-gogh-paintings/Drawings/Woman Sewing, with a Girl.jpg",Drawings,3,"[-0.03360439  0.1671507   0.9932263  ...  0.11839235  0.09810568
  0.24434206]",7.131235,7.477723
/kaggle/input/van-gogh-paintings/Drawings/Sheet with Hands and Several Figures.jpg,Drawings,3,"[-0.19563273  0.13890554  0.10637031 ... -0.08753987 -0.0971115
  0.05616699]",-1.7432582,13.523582
/kaggle/input/van-gogh-paintings/Drawings/Chair.jpg,Drawings,3,"[-0.15925975 -0.08093595 -0.12165027 ... -0.0809627   0.10137451
  0.10932605]",-2.054885,13.077585
/kaggle/input/van-gogh-paintings/Drawings/Weaver with Other Figures in Front of Loom.jpg,Drawings,3,"[-0.03596281  0.32539353  0.41694805 ... -0.06428172  0.24501705
  0.382874  ]",-11.062514,12.3401985
/kaggle/input/van-gogh-paintings/Drawings/Bakery.jpg,Drawings,3,"[ 0.11888441  0.04325067  0.53620887 ...  0.11794244  0.04969561
 -0.02262086]",-8.345358,15.285782
/kaggle/input/van-gogh-paintings/Drawings/Quay with Men Unloading Sand Barges.jpg,Drawings,3,"[-0.19157729  0.24884345  0.59372705 ... -0.13758673  0.23842241
  0.3804799 ]",3.9047973,-10.559823
/kaggle/input/van-gogh-paintings/Drawings/Public Garden with a Corner of the Yellow House.jpg,Drawings,3,"[-0.06479701  0.81344026  0.46382454 ... -0.07013193 -0.14582545
  0.134619  ]",-14.23341,2.3643587
/kaggle/input/van-gogh-paintings/Drawings/Sketches of Peasant Plowing with Horses.jpg,Drawings,3,"[-0.1231351  -0.16354862  0.18374926 ... -0.12644172  0.04646085
  0.5339955 ]",-1.7467211,14.089775
/kaggle/input/van-gogh-paintings/Drawings/The Road to Tarascon 2.jpg,Drawings,3,"[-0.09970628  0.47220817  0.12189709 ... -0.04435098  0.06246838
  0.42872578]",-4.141689,-2.4444983
/kaggle/input/van-gogh-paintings/Drawings/Digger.jpg,Drawings,3,[0.0560924  0.1451857  0.03306586 ... 0.0345769  0.14478377 0.26310682],-16.347296,11.323177
/kaggle/input/van-gogh-paintings/Drawings/Sower 5.jpg,Drawings,3,"[-0.09360607  0.8253788   0.09628548 ... -0.06161381  0.39052507
 -0.04976783]",-16.328474,12.459413
/kaggle/input/van-gogh-paintings/Drawings/Sketch of Cows and Children.jpg,Drawings,3,"[-0.16887188  0.29313025  0.22655539 ... -0.09508801 -0.06552274
  0.65075284]",-2.6697366,14.318437
/kaggle/input/van-gogh-paintings/Drawings/Plate with Cutlery and a Kettle.jpg,Drawings,3,"[-0.10941581  0.6981908   0.27277985 ... -0.13174447 -0.11166325
 -0.12490106]",2.4416435,4.3894978
/kaggle/input/van-gogh-paintings/Drawings/Peasant Lifting Potatoes.jpg,Drawings,3,[0.32378796 0.9632657  0.4017757  ... 0.03860562 0.32539877 0.09524106],-13.526344,10.565164
/kaggle/input/van-gogh-paintings/Drawings/Self-Portrait with Cap.jpg,Drawings,3,"[-0.07898778  0.6027808   0.809295   ... -0.12762007 -0.11594494
  0.06191638]",8.687808,13.838856
/kaggle/input/van-gogh-paintings/Drawings/Gypsies at Saintes-Maries.jpg,Drawings,3,"[-0.01772524  0.01758585  0.8704671  ... -0.18969288  0.7391633
  0.55976987]",-7.195641,8.663608
/kaggle/input/van-gogh-paintings/Drawings/Small House on a Road with Pollard Willows.jpg,Drawings,3,"[-0.05316879  0.786368    0.2509933  ... -0.0978724   0.29205766
  0.11457957]",-5.0552416,-15.1713505
"/kaggle/input/van-gogh-paintings/Drawings/Hand with a Stick, and Four People Sharing a Meal.jpg",Drawings,3,"[-0.21412651  0.15579197  0.475562   ... -0.16935511  0.01603492
  0.13099588]",2.0271783,13.774918
/kaggle/input/van-gogh-paintings/Drawings/Sien Nursing Baby.jpg,Drawings,3,"[-0.16038293  0.1700865   0.347232   ...  0.15239306  0.08105282
  0.09719634]",-13.064219,15.042679
/kaggle/input/van-gogh-paintings/Drawings/Factory.jpg,Drawings,3,"[-0.04777801  0.06107102  0.05296734 ... -0.06335415  0.2123745
  0.28947383]",-3.5651581,-14.4668865
/kaggle/input/van-gogh-paintings/Drawings/Head of a Girl.jpg,Drawings,3,"[-0.18563008 -0.04236029  0.6364211  ... -0.11183381  0.20889032
  0.00598449]",6.482638,2.759748
/kaggle/input/van-gogh-paintings/Drawings/Two Trees.jpg,Drawings,3,"[-0.13987112  0.5269508   0.46954864 ...  0.0206701   0.60712814
  0.15855359]",-15.054101,1.635888
/kaggle/input/van-gogh-paintings/Drawings/Woman Stooping in front of Trees.jpg,Drawings,3,"[-0.06428251  0.7200634   0.9446376  ... -0.10196681  0.48955837
  0.44992402]",-8.66672,9.12158
/kaggle/input/van-gogh-paintings/Drawings/Plaster Torso of a Woman.jpg,Drawings,3,[0.00372769 0.61822474 0.3338963  ... 0.1054156  0.09135149 0.40743232],4.955725,13.822554
/kaggle/input/van-gogh-paintings/Drawings/Prayer Before the Meal.jpg,Drawings,3,"[-0.12375145  0.48209137  0.21019335 ... -0.12303662 -0.02913903
 -0.04555963]",-13.953909,16.529734
/kaggle/input/van-gogh-paintings/Drawings/Saw Mill.jpg,Drawings,3,"[-0.03264235  0.05448688  1.0862702  ... -0.07272057  0.3710133
 -0.10489216]",-3.548274,-15.920572
/kaggle/input/van-gogh-paintings/Drawings/The Plain of La Crau.jpg,Drawings,3,"[-0.19733955  0.34897414  0.10026111 ... -0.08583608  0.4021606
 -0.03506953]",-13.17827,2.787735
"/kaggle/input/van-gogh-paintings/Drawings/Old Man with his Head in his Hands, Half-Figure.jpg",Drawings,3,"[ 0.07727114  1.4731674   0.7742447  ... -0.18374723  0.2428006
  0.35502258]",10.545164,7.221837
/kaggle/input/van-gogh-paintings/Face/Backyards of Old Houses in Antwerp in the Snow.jpg,Face,4,"[-0.02591427  0.29460388  0.42908034 ... -0.05761693 -0.1638447
 -0.04414212]",-1.2532789,-15.339285
"/kaggle/input/van-gogh-paintings/Face/Johanna Bonger, Vincent van Goghs sister-in-law.jpg",Face,4,"[ 0.09637544  0.3793653   0.22536495 ... -0.18705451 -0.16686869
 -0.08647135]",18.173388,3.7151608
"/kaggle/input/van-gogh-paintings/Face/Johanna van Gogh-Bonger, Vincent van Goghs sister-in-law.jpg",Face,4,"[ 0.10165551  0.9796481   0.03252692 ... -0.09735079  0.5560086
  0.25211856]",-11.616824,18.2432
/kaggle/input/van-gogh-paintings/Face/Portrait of a Woman with Red Ribbon.jpg,Face,4,"[ 0.46929848 -0.03782684  0.50385886 ... -0.1575273  -0.0536937
 -0.07112426]",13.956275,2.8969336
"/kaggle/input/van-gogh-paintings/Face/The Ravoux Inn Auvers-sur-Oise, France.jpg",Face,4,"[ 0.15563141  0.36212528 -0.16973178 ...  0.02781901 -0.06553332
 -0.08788553]",-8.996781,16.09558
/kaggle/input/van-gogh-paintings/Face/Anna Cornelia van Gogh.jpg,Face,4,"[ 0.17447825  0.5386305   0.39680284 ... -0.18992285  0.10353046
 -0.18008095]",20.096243,0.7640211
/kaggle/input/van-gogh-paintings/Face/Portrait of an Old Man with Beard.jpg,Face,4,"[ 0.17430595  0.9189902   1.085393   ... -0.16510211  0.00722878
  0.49938935]",12.076588,5.0456367
/kaggle/input/van-gogh-paintings/Face/Theodorus van Gogh.jpg,Face,4,"[ 0.0498326   0.01112348  0.21006288 ... -0.17416792 -0.24106781
  0.29032317]",19.695189,2.1436343
/kaggle/input/van-gogh-paintings/Face/This card was sent to the friends of Vincent.jpg,Face,4,"[-0.07830022 -0.1447189  -0.09623289 ...  0.37461188 -0.15443835
 -0.13491137]",-1.0031441,8.099205
/kaggle/input/van-gogh-paintings/Face/This was Vincents room in the asylum in Saint Remy.jpg,Face,4,"[-0.1563926   0.05885775  0.8023159  ...  0.3885463  -0.10268104
  0.10445707]",-0.35960373,-15.181796
/kaggle/input/van-gogh-paintings/Face/Anna Cornelia van Gogh 2.jpg,Face,4,"[-0.08829302 -0.08188105  0.5809039  ... -0.09465542 -0.09025703
 -0.03110527]",15.60443,2.8052964
/kaggle/input/van-gogh-paintings/Face/Head of an Old Woman with White Cap The Midwife.jpg,Face,4,"[ 0.12365302 -0.09359877  0.0007568  ... -0.15118681 -0.17552198
  0.04235936]",15.49391,-1.7641339
/kaggle/input/van-gogh-paintings/Face/The painter Emile Bernard and Vincent van Gogh seen from the back have a good time discussing color insinde a black-and-wite photo.jpg,Face,4,"[-0.11880823  0.46229362  0.10416669 ... -0.06810014 -0.00899644
  0.01827027]",-14.411434,7.0875926
/kaggle/input/van-gogh-paintings/Face/Vincent van Gogh on his deathbead. His friend and doctor Paul Gachet made this excellent drawing.jpg,Face,4,"[-0.12494834  0.6937244   0.75150865 ... -0.09806597  0.2308461
  0.12194248]",-3.133931,11.77333
"/kaggle/input/van-gogh-paintings/Face/Theo van Gogh, the brother of Vincent 3.jpg",Face,4,"[ 0.5314676   0.03680417  0.3657964  ... -0.18005458 -0.0876078
  0.02222931]",20.186924,0.907861
"/kaggle/input/van-gogh-paintings/Face/Toulouse-Lautrec, Portrait of Vincent van Gogh.jpg",Face,4,"[-0.12538747  0.2319888   0.6608735  ... -0.18200031  0.13222525
  0.0207313 ]",8.158908,11.0036335
"/kaggle/input/van-gogh-paintings/Face/Theo van Gogh, the brother of Vincent.jpg",Face,4,"[-0.14176834  1.255756   -0.17423359 ... -0.14959086 -0.00580918
 -0.03726313]",20.86323,4.17883
"/kaggle/input/van-gogh-paintings/Face/Vincent van Gogh, age 13.jpg",Face,4,"[ 0.30945307  0.15172024  0.3155008  ... -0.15097813 -0.18373176
  0.04062461]",19.46109,3.2388885
/kaggle/input/van-gogh-paintings/Face/Portrait of Woman in Blue.jpg,Face,4,"[ 0.0442672  -0.04942705  0.62157434 ... -0.17292032  0.10194755
  0.09760925]",14.199803,4.4240117
"/kaggle/input/van-gogh-paintings/Face/Toulouse-Lautrec, Portrait of Vincent van Gogh 2.jpg",Face,4,"[-0.17646706  0.05702166  0.32136837 ... -0.12813526  0.22689226
  0.0524483 ]",8.215187,11.201876
/kaggle/input/van-gogh-paintings/Face/Head of a Woman with her Hair Loose.jpg,Face,4,"[ 0.27286926 -0.01208551  0.7329095  ... -0.19252625 -0.10707071
  0.04370339]",13.779605,4.7265377
"/kaggle/input/van-gogh-paintings/Face/Theo van Gogh, the brother of Vincent 4.jpg",Face,4,"[-0.0391635   0.26228184  0.13577196 ... -0.03218033 -0.16651586
  0.0117881 ]",19.160305,3.8913615
/kaggle/input/van-gogh-paintings/Face/Anna Cornelia van Gogh 3.jpg,Face,4,"[-0.04000507  0.41207883  0.0461551  ... -0.17802235  0.07308753
 -0.10171007]",17.591402,4.8328066
/kaggle/input/van-gogh-paintings/Face/The mother of Vincent van Gogh was a very talented painter.jpg,Face,4,"[-0.14912313 -0.16411796  1.1698881  ... -0.11618106 -0.1304962
 -0.12310686]",0.48715633,-0.4682537
"/kaggle/input/van-gogh-paintings/Face/Vincents brother Theo died one year after him. They were buried side by side as equals. I do not know, why Theos wife Johanna, when her time came, was nor buried next to them.jpg",Face,4,"[-0.08204751  0.10010377  0.08174066 ... -0.11203562  0.09675937
  0.12785065]",-1.4411627,6.5375195
/kaggle/input/van-gogh-paintings/Face/Skull with Burning Cigarette.jpg,Face,4,[0.10990728 0.88817316 1.0316987  ... 0.01153129 0.04278681 0.04041456],10.695963,4.651004
"/kaggle/input/van-gogh-paintings/Face/Vincent van Gogh, age 19.jpg",Face,4,"[ 0.27120534 -0.08586344  0.5289809  ... -0.12800725 -0.21318513
 -0.02766141]",19.02701,3.1961772
"/kaggle/input/van-gogh-paintings/Face/Theo van Gogh, the brother of Vincent 2.jpg",Face,4,"[ 0.15073648 -0.11498957  0.2583489  ... -0.1103358  -0.18220851
 -0.05081781]",20.339207,2.4548957
/kaggle/input/van-gogh-paintings/Nuenen/Cottage with Peasant Coming Home.jpg,Nuenen,5,"[-0.1743789  -0.0607129  -0.12038582 ...  0.09037387  0.24644355
  0.07480428]",-1.9873357,-12.645838
/kaggle/input/van-gogh-paintings/Nuenen/Head of a Peasant Woman with White Cap 9.jpg,Nuenen,5,"[ 0.00281999 -0.03126961  0.6547693  ... -0.16422935 -0.05140609
  0.06424236]",14.051025,0.26882562
/kaggle/input/van-gogh-paintings/Nuenen/Head of an Old Peasant Woman with White Cap 2.jpg,Nuenen,5,"[ 0.01940361  0.00749979  0.86112726 ... -0.16362467 -0.0146413
 -0.11892912]",15.030022,-0.43396342
/kaggle/input/van-gogh-paintings/Nuenen/Beer Tankards.jpg,Nuenen,5,"[ 0.01097463  1.571376    0.71787465 ... -0.0274301  -0.10167978
 -0.1502649 ]",2.8523204,5.546326
/kaggle/input/van-gogh-paintings/Nuenen/Head of a Peasant with Cap 2.jpg,Nuenen,5,"[-0.00376913  0.2516947   0.16355397 ... -0.17328584 -0.10728607
 -0.17567018]",17.733988,1.9200561
/kaggle/input/van-gogh-paintings/Nuenen/Peasant Making a Basket 2.jpg,Nuenen,5,"[3.4706938e-01 1.0247806e+00 3.4829640e-01 ... 3.2089013e-01 4.3841999e-04
 1.8072961e-02]",-14.15256,13.833439
/kaggle/input/van-gogh-paintings/Nuenen/Head of a Peasant with a Pipe.jpg,Nuenen,5,"[ 0.26599094  0.33228606  0.3012526  ... -0.15193713  0.11533811
  0.15931128]",12.676554,2.8593736
/kaggle/input/van-gogh-paintings/Nuenen/Head of a Peasant with Cap.jpg,Nuenen,5,"[ 0.21586715  0.3640156   0.8961735  ... -0.17051123  0.02232882
  0.5184643 ]",11.471653,5.6057014
/kaggle/input/van-gogh-paintings/Nuenen/Lane in Autumn.jpg,Nuenen,5,"[-0.17305078  0.92217344  0.20026942 ...  0.4678069   0.19144897
  0.29315877]",-12.441091,0.9302611
/kaggle/input/van-gogh-paintings/Nuenen/Flying Fox.jpg,Nuenen,5,[0.23965001 0.43333617 0.6597532  ... 0.23025087 0.5679633  0.11398236],4.134288,-0.86218673
/kaggle/input/van-gogh-paintings/Nuenen/Basket of Potatoes.jpg,Nuenen,5,"[-0.15676913  1.604197    0.7461032  ... -0.09742679  0.38383433
  0.16284722]",6.295546,-5.720489
/kaggle/input/van-gogh-paintings/Nuenen/Head of a Woman 9.jpg,Nuenen,5,"[ 0.01251766  0.11206856  0.7085999  ... -0.14768682 -0.03946313
 -0.06519406]",14.1080475,-0.55840474
/kaggle/input/van-gogh-paintings/Nuenen/Head of a Peasant Woman with White Cap 7.jpg,Nuenen,5,"[-0.0909434  -0.0453737   0.5317003  ... -0.1681836  -0.0730646
 -0.18093525]",14.76299,-0.9086093
/kaggle/input/van-gogh-paintings/Nuenen/Head of a Peasant Woman with White Cap.jpg,Nuenen,5,"[-0.02979312 -0.13110754  0.39090723 ... -0.18382116  0.06270099
 -0.11027718]",14.684159,-0.101029046
/kaggle/input/van-gogh-paintings/Nuenen/Head of a Peasant Woman with Brownish Cap.jpg,Nuenen,5,"[ 0.09344557  0.16588755  0.66041434 ... -0.09479851  0.06023946
 -0.11768653]",14.881828,1.5722023
/kaggle/input/van-gogh-paintings/Nuenen/Head of a Man 2.jpg,Nuenen,5,"[ 0.05726854  0.50303596  0.55541795 ... -0.16422383 -0.1244318
 -0.09435372]",16.334663,2.373519
/kaggle/input/van-gogh-paintings/Nuenen/Autumn Landscape.jpg,Nuenen,5,"[-0.15164506  0.06227734 -0.07682905 ...  0.08936558  0.02335931
  0.05710536]",-12.310215,-2.2811687
/kaggle/input/van-gogh-paintings/Nuenen/Head of a Man.jpg,Nuenen,5,"[ 0.04215388  0.37657863  0.1528432  ... -0.12599038 -0.09285651
 -0.12816948]",16.229975,1.2341955
/kaggle/input/van-gogh-paintings/Nuenen/New-Born Calf Lying on Straw.jpg,Nuenen,5,[0.3889301  0.9456059  0.41165546 ... 0.05430319 0.40129775 0.34921345],11.780123,7.6181717
/kaggle/input/van-gogh-paintings/Nuenen/Lane with Poplars.jpg,Nuenen,5,"[-0.15894191  0.15171897 -0.15419663 ...  0.6978451   0.18038921
  0.07494688]",-13.523932,-3.330891
/kaggle/input/van-gogh-paintings/Nuenen/Cottage 2.jpg,Nuenen,5,"[-0.1924884   0.561303    0.03110561 ...  0.1941155   0.40481672
  0.00942623]",-3.5583277,-12.63388
/kaggle/input/van-gogh-paintings/Nuenen/Bobbin Winder.jpg,Nuenen,5,[0.44793555 0.19553843 0.4562556  ... 0.86512417 0.07897025 0.06718193],-15.53308,14.344479
/kaggle/input/van-gogh-paintings/Nuenen/Head of a Woman 3.jpg,Nuenen,5,"[ 0.0989126   0.15367293  0.6848456  ... -0.20404765  0.04717106
 -0.11181629]",14.817168,2.2245226
/kaggle/input/van-gogh-paintings/Nuenen/Country Lane with Two Figures.jpg,Nuenen,5,"[-0.16016082  0.7212354   0.5261396  ...  0.7699632   0.23261578
  0.15887189]",-10.458723,-15.300325
/kaggle/input/van-gogh-paintings/Nuenen/Cottage with Trees and Peasant Woman.jpg,Nuenen,5,"[-0.12319209  0.60176027  0.5955761  ...  0.25436342 -0.05023158
 -0.14892639]",-8.059677,0.66392773
/kaggle/input/van-gogh-paintings/Nuenen/Head of a Peasant Woman with Dark Cap 6.jpg,Nuenen,5,"[ 0.03334271  0.552419    0.3019097  ... -0.18513934 -0.00281934
 -0.1218496 ]",16.562088,2.6150415
/kaggle/input/van-gogh-paintings/Nuenen/Head of an Old Peasant Woman with White Cap.jpg,Nuenen,5,"[-0.0872938  -0.00445353  0.57959586 ... -0.1361312   0.00520782
 -0.00188836]",14.467167,-0.98852926
/kaggle/input/van-gogh-paintings/Nuenen/Avenue of Poplars at Sunset.jpg,Nuenen,5,[0.03760581 0.5644273  0.24492143 ... 0.3840905  0.36478    0.19278017],-12.767414,-0.590172
/kaggle/input/van-gogh-paintings/Paris/Roadway with Underpass The Viaduct.jpg,Paris,6,"[-0.00725193  0.22164015  0.33826134 ... -0.093175   -0.03080869
 -0.08675905]",-11.9292145,-12.272641
/kaggle/input/van-gogh-paintings/Paris/Plaster Statuette of a Kneeling Man.jpg,Paris,6,"[-0.07909063  0.5607296   0.39655983 ...  0.11865827  0.11803287
  0.45075157]",9.941846,3.789651
/kaggle/input/van-gogh-paintings/Paris/Vase with Zinnias and Other Flowers.jpg,Paris,6,"[-0.1583608  -0.09725742 -0.14902218 ... -0.02031422  0.04617779
 -0.14713314]",-0.15215473,2.8802757
/kaggle/input/van-gogh-paintings/Paris/Portrait of Pere Tanguy 3.jpg,Paris,6,"[-0.12795095  0.03946627  0.23278186 ... -0.17039081 -0.08852728
 -0.05807946]",9.226316,-0.46272153
/kaggle/input/van-gogh-paintings/Paris/Vase with Zinnias.jpg,Paris,6,"[-0.16632546  0.10469996 -0.04838201 ... -0.08328887  0.02090281
 -0.08011841]",-0.23391172,2.3730233
/kaggle/input/van-gogh-paintings/Paris/Vegetable Gardens in Montmartre La Butte Montmartre.jpg,Paris,6,"[ 0.15973972  0.22659397  1.0119388  ...  0.01703593 -0.16482848
  0.20900257]",-9.109679,-7.440997
/kaggle/input/van-gogh-paintings/Paris/Vase with Zinnias and Geraniums.jpg,Paris,6,"[-1.7910960e-01 -2.8177473e-04 -1.2256182e-01 ... -2.3536395e-02
  4.1867992e-01 -7.4975871e-02]",-0.3126359,2.0679512
/kaggle/input/van-gogh-paintings/Paris/Vase with Red and White Carnations on Yellow Background.jpg,Paris,6,"[-0.05667523  0.13942994  0.35712433 ...  0.01006194 -0.01864892
  0.70045763]",-0.98021734,0.69725996
/kaggle/input/van-gogh-paintings/Paris/Self-Portrait with Pipe and Glass.jpg,Paris,6,"[-0.04857401  0.4435753   0.18457311 ... -0.13807064 -0.16151771
  0.13689089]",15.798897,5.093843
/kaggle/input/van-gogh-paintings/Paris/Terrace of a Cafe on Montmartre La Guinguette.jpg,Paris,6,"[-0.047047    0.05353818  0.5659408  ...  0.07187687 -0.02937463
  0.5540099 ]",-0.7507015,-8.966748
/kaggle/input/van-gogh-paintings/Paris/Self-Portrait 6.jpg,Paris,6,"[-0.14146371 -0.03720076  0.32363385 ... -0.15340911 -0.08101659
 -0.07654675]",16.013248,4.137335
/kaggle/input/van-gogh-paintings/Paris/Plaster Statuette of a Horse.jpg,Paris,6,"[-0.20127763 -0.15968816  0.5012686  ... -0.07806081  0.5559351
  0.8477972 ]",5.2197785,4.595559
/kaggle/input/van-gogh-paintings/Paris/Still Life with Basket of Apples to Lucien Pissarro.jpg,Paris,6,"[-0.18801272  0.40713647  0.655138   ... -0.17452328 -0.19011539
 -0.14770111]",8.919044,-8.202439
/kaggle/input/van-gogh-paintings/Paris/Vase with Daisies and Anemones.jpg,Paris,6,"[-0.18879808 -0.03115465 -0.11569644 ... -0.099499    0.3618248
 -0.18949506]",-0.47913063,3.2433972
/kaggle/input/van-gogh-paintings/Paris/The Seine with a Rowing Boat.jpg,Paris,6,"[-0.17092492 -0.04100097 -0.07868712 ... -0.02434123  0.01254798
 -0.07045744]",-8.472193,-1.0696566
/kaggle/input/van-gogh-paintings/Paris/Undergrowth.jpg,Paris,6,"[-0.18314444 -0.0840907  -0.09692562 ... -0.00901848 -0.14621459
 -0.05777224]",-14.487391,-4.8653984
/kaggle/input/van-gogh-paintings/Paris/Vase with Gladioli.jpg,Paris,6,"[-0.17676012  0.13670182  0.8054946  ... -0.16402803  0.00722382
 -0.07530129]",-0.1027597,0.63359624
/kaggle/input/van-gogh-paintings/Paris/Self-Portrait with Straw Hat.jpg,Paris,6,"[-0.04212358 -0.19269525 -0.20067754 ... -0.16103083 -0.0445734
 -0.14081642]",12.315699,-1.779165
/kaggle/input/van-gogh-paintings/Paris/The Rispal Restaurant at Asnieres.jpg,Paris,6,"[ 0.04837151 -0.10056961  0.07295386 ...  0.16369961 -0.1096181
  0.32527336]",-4.9818606,-10.01066
/kaggle/input/van-gogh-paintings/Paris/Portrait of Pere Tanguy.jpg,Paris,6,"[-0.09815365 -0.09539759 -0.05636794 ... -0.15139243 -0.13006203
 -0.07193486]",9.602364,-0.8333342
/kaggle/input/van-gogh-paintings/Paris/Vegetable Garden in Montmartre.jpg,Paris,6,"[ 0.03208414  0.08365522  0.74371237 ... -0.1023748   0.15702684
  0.40257323]",-5.738053,-10.769136
/kaggle/input/van-gogh-paintings/Paris/Self-Portrait with Straw Hat 4.jpg,Paris,6,"[-0.06461711  0.04894689  0.05609688 ... -0.13169584 -0.18777022
  0.43351874]",11.931839,-1.3909734
/kaggle/input/van-gogh-paintings/Paris/Self-Portrait 9.jpg,Paris,6,"[ 0.15203471  0.29630202  0.8177869  ... -0.1339931   0.14900209
  0.2617015 ]",15.095659,6.453128
/kaggle/input/van-gogh-paintings/Paris/Self-Portrait with Dark Felt Hat.jpg,Paris,6,"[ 0.2828693   0.34047902  0.01622724 ... -0.1644127  -0.14855161
  0.11907391]",16.640966,1.6120481
/kaggle/input/van-gogh-paintings/Paris/Portrait of a Man.jpg,Paris,6,"[ 0.15086068  0.04538801  0.9546382  ... -0.14841497 -0.03593104
 -0.09115051]",15.113148,3.3434203
"/kaggle/input/van-gogh-paintings/Paris/Still Life with Two Herrings, a Cloth and a Glass.jpg",Paris,6,"[-0.15459019  0.9774596   0.725823   ... -0.1449001   0.45684338
  0.10540244]",8.059115,6.949414
/kaggle/input/van-gogh-paintings/Paris/The Still Life with Abs.jpg,Paris,6,"[-0.12094478 -0.01143913  0.06733016 ... -0.0771995   0.24804433
 -0.0846618 ]",1.1027864,3.522191
/kaggle/input/van-gogh-paintings/Paris/Still Life with Basket of Apples.jpg,Paris,6,"[-0.1992382   0.2135076   0.23359331 ... -0.196662   -0.22909565
 -0.0197631 ]",8.954925,-8.25927
/kaggle/input/van-gogh-paintings/Saint Remy/First Steps after Millet.jpg,Saint Remy,7,"[-0.07163722  0.4178858   0.35085762 ...  0.01318154  0.39516777
  0.56221783]",0.854783,-6.77155
/kaggle/input/van-gogh-paintings/Saint Remy/Undergrowth with Ivy.jpg,Saint Remy,7,"[-0.19713749  0.2501859  -0.15156226 ... -0.02432409 -0.15731321
 -0.16054526]",-14.667169,-4.6193647
/kaggle/input/van-gogh-paintings/Saint Remy/Olive Grove.jpg,Saint Remy,7,"[-0.10899244  0.00552704  0.45264912 ... -0.06547278 -0.07092718
  0.20612293]",-6.178548,-2.3775883
/kaggle/input/van-gogh-paintings/Saint Remy/The Good Samaritan after Delacroix.jpg,Saint Remy,7,"[-0.13803478  0.59734815  0.5040981  ... -0.16378178  0.12417119
  0.61944765]",3.5152628,-3.993225
/kaggle/input/van-gogh-paintings/Saint Remy/Still Life Vase with Irises Against a Yellow Background.jpg,Saint Remy,7,"[-0.2043025   0.4598654   0.42085934 ... -0.09711888 -0.18122917
 -0.03331083]",-2.6853936,-7.185044
/kaggle/input/van-gogh-paintings/Saint Remy/Evening The End of the Day after Millet.jpg,Saint Remy,7,"[ 0.38055995  0.29141596  0.3295326  ... -0.10344518  0.12811269
 -0.02447924]",5.706074,-0.7444161
/kaggle/input/van-gogh-paintings/Saint Remy/The Drinkers.jpg,Saint Remy,7,"[-0.14808764  0.427956    0.18196264 ...  0.14604901 -0.07355468
  0.21226567]",7.7761803,-1.0332242
/kaggle/input/van-gogh-paintings/Saint Remy/Half Figure of an Angel after Rembrandt.jpg,Saint Remy,7,"[ 0.16545156 -0.10720073  0.6730798  ... -0.07343315  0.36213484
  0.02637015]",4.9839883,-3.2833326
/kaggle/input/van-gogh-paintings/Saint Remy/Peasant Woman with a Rake after Millet.jpg,Saint Remy,7,"[-0.01974076  0.5589451   0.34496248 ... -0.157925    0.26169246
  0.12679873]",4.359625,1.4099356
/kaggle/input/van-gogh-paintings/Saint Remy/Enclosed Field with Rising Sun.jpg,Saint Remy,7,"[-0.19584125  0.36815158 -0.03221891 ... -0.04692982 -0.05562492
  0.00098135]",-6.36151,-5.6715374
/kaggle/input/van-gogh-paintings/Saint Remy/Olive Grove Bright Blue Sky.jpg,Saint Remy,7,"[-0.16535187  0.47361407  0.2864099  ... -0.0408025  -0.07668138
  0.07212888]",-6.8307557,-4.5027347
/kaggle/input/van-gogh-paintings/Saint Remy/Wheat Fields with Reaper at Sunrise.jpg,Saint Remy,7,"[-0.17540954  0.36085534  0.681382   ... -0.09791997  0.06228574
  0.16154958]",-5.4186544,-4.2387633
/kaggle/input/van-gogh-paintings/Saint Remy/Landscape with Olive Tree and Mountains in the Background.jpg,Saint Remy,7,"[-0.15852249  0.32734185  0.19910994 ... -0.03736717  0.41198075
 -0.11368154]",-9.377529,2.3646185
/kaggle/input/van-gogh-paintings/Saint Remy/The Raising of Lazarus after Rembrandt.jpg,Saint Remy,7,"[-0.17854638  0.6208929   0.55755526 ... -0.04220619 -0.01885276
  0.05708393]",0.83794373,-3.8034704
/kaggle/input/van-gogh-paintings/Saint Remy/Trees in the Garden of Saint-Paul Hospital 3.jpg,Saint Remy,7,"[-0.1376642   0.24012864  0.53955567 ... -0.03582162  0.31159055
  1.1285006 ]",-1.3964621,-2.4376128
/kaggle/input/van-gogh-paintings/Saint Remy/Evening The Watch after Millet.jpg,Saint Remy,7,"[-0.09594554  0.07144483  0.3199129  ...  0.16278794 -0.00252428
  0.18966453]",4.403602,-2.6708894
/kaggle/input/van-gogh-paintings/Saint Remy/Trees in the Garden of Saint-Paul Hospital.jpg,Saint Remy,7,"[-0.0964322   0.1537446   0.5685415  ... -0.06753574 -0.07291632
  0.36023948]",-1.4428698,-3.315902
"/kaggle/input/van-gogh-paintings/Saint Remy/Sower, The after Millet.jpg",Saint Remy,7,"[-0.10218776  0.08886854  0.5176397  ... -0.08473894  0.03411809
  0.142497  ]",7.0613017,-1.0123838
/kaggle/input/van-gogh-paintings/Saint Remy/Olive Trees.jpg,Saint Remy,7,"[-0.14312865  0.3635972   0.1139027  ... -0.0211881   0.25235006
  0.55146724]",-6.93849,-4.317484
/kaggle/input/van-gogh-paintings/Saint Remy/L Arlesienne Madame Ginoux 4.jpg,Saint Remy,7,"[-0.10116203 -0.12630881  1.0952233  ... -0.15276065 -0.13988307
  0.12508865]",10.045349,1.1926255
/kaggle/input/van-gogh-paintings/Saint Remy/Old Man in Sorrow On the Threshold of Eternity.jpg,Saint Remy,7,"[-0.02364172  0.08462839  0.5309493  ... -0.00329256  0.4749823
  0.58160836]",6.526386,-2.4150817
/kaggle/input/van-gogh-paintings/Saint Remy/Still Life Vase with Roses.jpg,Saint Remy,7,"[-0.18847673  0.4574782   0.99106294 ... -0.1126283   0.16943726
  0.02075361]",2.0532954,-5.294021
"/kaggle/input/van-gogh-paintings/Saint Remy/Sheep-Shearers, The after Millet.jpg",Saint Remy,7,"[-0.1552787   0.96280205  0.58458495 ...  0.04079937  0.50172335
  0.2799367 ]",4.931133,-5.561329
/kaggle/input/van-gogh-paintings/Saint Remy/Pine Trees and Dandelions in the Garden of Saint-Paul Hospital.jpg,Saint Remy,7,"[-0.1638593   0.13628656 -0.079108   ... -0.04670285 -0.03542137
  0.1011107 ]",-13.604942,-6.024569
/kaggle/input/van-gogh-paintings/Saint Remy/The Road Menders 2.jpg,Saint Remy,7,"[-0.16218284  0.7202952   0.3863709  ...  0.00397935  0.2201783
  0.010215  ]",0.6093149,-3.2079315
/kaggle/input/van-gogh-paintings/Saint Remy/Wheat Field Behind Saint-Paul Hospital.jpg,Saint Remy,7,"[-0.1948886   1.031384    0.49742314 ... -0.02835434 -0.1143259
  0.16674243]",-5.61441,-5.706558
/kaggle/input/van-gogh-paintings/Saint Remy/The Iris.jpg,Saint Remy,7,"[-0.1874521   0.3767267  -0.03452693 ... -0.02743147 -0.15544595
  0.15119618]",-4.410373,-6.946096
/kaggle/input/van-gogh-paintings/Saint Remy/Peasant Woman Cutting Straw after Millet.jpg,Saint Remy,7,"[-0.13704821  0.46141496  0.66256547 ... -0.02308708  0.35828122
  0.17071746]",5.570762,0.08833602
/kaggle/input/van-gogh-paintings/Sketches in letters/Rooftops.jpg,Sketches in letters,8,"[-0.1151676   0.45621297  0.7106356  ... -0.17308836 -0.17672709
 -0.09406456]",-1.1000872,-16.878628
/kaggle/input/van-gogh-paintings/Sketches in letters/Garbage Dump.jpg,Sketches in letters,8,"[-0.01797601  0.07610913  0.47257882 ...  0.04016642  0.16382094
  0.21428065]",-7.3099327,11.798292
/kaggle/input/van-gogh-paintings/Sketches in letters/The Public Soup Kitchen.jpg,Sketches in letters,8,"[-0.10832435  0.08876757  0.45894843 ... -0.11073105 -0.03290524
  0.194966  ]",-7.0777993,11.508614
/kaggle/input/van-gogh-paintings/Sketches in letters/Sower with Hand in Sack.jpg,Sketches in letters,8,"[ 0.2605072   0.731254    0.9331423  ... -0.13464439  0.2588534
  0.00265653]",-12.4665575,11.604123
/kaggle/input/van-gogh-paintings/Sketches in letters/A Girl in a Wood.jpg,Sketches in letters,8,"[-0.15566787 -0.06163487  0.8929971  ... -0.13990141  0.44945177
  0.45726138]",-5.250917,8.505771
/kaggle/input/van-gogh-paintings/Sketches in letters/Sunset Over a Meadow.jpg,Sketches in letters,8,"[-0.12837058  0.1311221   0.5600319  ... -0.08093447  0.13455664
 -0.04556724]",-4.592644,9.413078
/kaggle/input/van-gogh-paintings/Sketches in letters/People in the Studio.jpg,Sketches in letters,8,"[-0.06237392  0.01207095  0.39384216 ... -0.14367266  0.11879625
  0.01819768]",-3.3725982,9.827539
/kaggle/input/van-gogh-paintings/Sketches in letters/Women Working in the Peat.jpg,Sketches in letters,8,"[-0.14093925  0.71314543  0.6691846  ... -0.0711381  -0.02934915
  0.4049056 ]",-10.080637,11.558411
/kaggle/input/van-gogh-paintings/Sketches in letters/Marguerite Gachet at the Piano.jpg,Sketches in letters,8,"[-0.1850903   0.12315523  0.50163645 ... -0.0612866   0.15275298
  0.00573639]",-6.2395525,10.313358
/kaggle/input/van-gogh-paintings/Sketches in letters/Road with Pollard Willows 2.jpg,Sketches in letters,8,"[-0.1520319  -0.05592778  0.56462526 ... -0.02399434  0.47828773
  0.41398427]",-2.621029,8.734009
/kaggle/input/van-gogh-paintings/Sketches in letters/Orchard in Bloom with View of Arles.jpg,Sketches in letters,8,"[-0.09296934  0.18440908  0.4418798  ... -0.09540921  0.10545509
  0.20598847]",-2.7441533,10.004259
/kaggle/input/van-gogh-paintings/Sketches in letters/Field of Grass with Dandelions and Tree Trunks.jpg,Sketches in letters,8,"[-0.13719717 -0.18615597  0.32023048 ... -0.02461259  0.06283522
  0.08742591]",-1.5972681,10.762398
/kaggle/input/van-gogh-paintings/Sketches in letters/The Raising of Lazarus.jpg,Sketches in letters,8,"[-0.11373104  0.67933494  0.33476642 ... -0.11222986  0.09380969
  0.09473152]",-2.9798968,10.560275
/kaggle/input/van-gogh-paintings/Sketches in letters/Scheveningen Woman Sewing 2.jpg,Sketches in letters,8,"[-0.06400976  0.33928016  0.5193609  ...  0.13438015  0.24693854
  0.25200742]",-11.599131,12.765805
/kaggle/input/van-gogh-paintings/Sketches in letters/Round Clipped Shrub in the Public Garden.jpg,Sketches in letters,8,"[-0.06883578 -0.04080098  0.5527153  ...  0.00568252  0.3561039
  0.24473254]",-0.75841445,10.389783
/kaggle/input/van-gogh-paintings/Sketches in letters/Digger 2.jpg,Sketches in letters,8,"[-0.05334314  0.33029854  0.5231021  ... -0.03056278  0.57116467
  0.13230161]",-5.8463826,8.823792
/kaggle/input/van-gogh-paintings/Sketches in letters/Cypresses.jpg,Sketches in letters,8,"[-0.12589647 -0.16722304  0.04650414 ...  0.1388633  -0.15805744
  0.10234156]",-1.2342167,9.4970875
"/kaggle/input/van-gogh-paintings/Sketches in letters/Plowman with Stooping Woman, and a Little Farmhouse with Piles of Peat.jpg",Sketches in letters,8,"[-0.10279141  0.6344575   0.5904549  ... -0.12671992  0.0184036
  0.03031649]",-5.276565,11.880664
/kaggle/input/van-gogh-paintings/Sketches in letters/Wheat Fields.jpg,Sketches in letters,8,"[-0.17862132  0.0375815   0.42479366 ... -0.01652346  0.41024247
 -0.07139577]",-4.91036,9.420558
/kaggle/input/van-gogh-paintings/Sketches in letters/Drawbridge with Walking Couple.jpg,Sketches in letters,8,"[ 0.03447739  0.66348773  0.72020435 ... -0.15809138 -0.02507053
  0.12632743]",-7.0717964,10.606465
/kaggle/input/van-gogh-paintings/Sketches in letters/Wheat Fields 3.jpg,Sketches in letters,8,"[-0.19153327 -0.19780397  0.5263585  ... -0.0146028  -0.14383604
  0.01179812]",-4.2748246,10.671836
/kaggle/input/van-gogh-paintings/Sketches in letters/Garbage Dump 2.jpg,Sketches in letters,8,"[-0.12659045  0.03932112  0.49649227 ... -0.04071828  0.19744825
  0.13590655]",-8.017892,12.35313
"/kaggle/input/van-gogh-paintings/Sketches in letters/Road with Men Walking, Carriage, Cypress, Star, and Crescent Moon.jpg",Sketches in letters,8,"[-0.07016761 -0.00492718  0.3300605  ... -0.04265737  0.20699503
  0.28002483]",-2.2147546,9.890822
"/kaggle/input/van-gogh-paintings/Sketches in letters/Peasant Woman, Two Heads.jpg",Sketches in letters,8,"[-0.06926405  0.08650076  0.4152577  ... -0.0182266   0.20233679
  0.03101225]",-1.7005798,9.122503
/kaggle/input/van-gogh-paintings/Sketches in letters/Weaver Facing Left.jpg,Sketches in letters,8,"[-0.08344513  0.01967196  0.32125247 ... -0.08664785 -0.05942724
  0.15878734]",-6.5448127,13.412166
/kaggle/input/van-gogh-paintings/Sketches in letters/Man Pulling a Harrow.jpg,Sketches in letters,8,[0.20998797 0.48485327 0.4916972  ... 0.06963968 0.20967615 0.02369103],-9.636518,12.615762
/kaggle/input/van-gogh-paintings/Sketches in letters/State Lottery Office.jpg,Sketches in letters,8,"[-0.06907836  0.31263924  0.44527406 ...  0.05972137 -0.09193017
 -0.04944605]",-10.394307,13.92628
/kaggle/input/van-gogh-paintings/Sketches in letters/Orchard Surrounded by Cypresses.jpg,Sketches in letters,8,"[-0.11730426  0.14922494  0.77473587 ... -0.06093913  0.2579381
  0.12563476]",-5.775368,7.594849
/kaggle/input/van-gogh-paintings/Villege/Marshy Landscape.jpg,Villege,9,"[-0.09125129  0.5911959   0.46354064 ... -0.03728851 -0.04233383
 -0.00470122]",-10.370226,-1.5421108
/kaggle/input/van-gogh-paintings/Villege/Two Women in the Moor.jpg,Villege,9,"[ 0.15601425  0.5699123  -0.05637255 ...  0.30851293  0.06066325
  0.37551948]",-17.365309,-1.5458052
/kaggle/input/van-gogh-paintings/Villege/Still Life with Cabbage and Clogs.jpg,Villege,9,[0.04520939 1.334273   0.39510852 ... 0.16835752 0.5582641  0.2553175 ],10.221735,7.348243
/kaggle/input/van-gogh-paintings/Villege/Landscape with a Church at Twilight.jpg,Villege,9,"[-0.06034492  0.44447035  0.43052676 ... -0.14131042 -0.02149459
 -0.05905653]",-10.700309,1.4440805
/kaggle/input/van-gogh-paintings/Villege/Peat Boat with Two Figures.jpg,Villege,9,"[-0.1713829   0.49805787  0.3114737  ...  0.42047012  0.04923438
  0.21744727]",3.8774953,9.406274
/kaggle/input/van-gogh-paintings/Villege/Cows in the Meadow.jpg,Villege,9,"[-0.10222458 -0.06646614 -0.09180438 ... -0.12709194 -0.14225687
 -0.02082933]",-10.441861,0.8081391
/kaggle/input/van-gogh-paintings/Villege/Farmhouses in Loosduinen near The Hague at Twilight.jpg,Villege,9,"[-0.10512906  0.41397998  0.01989384 ... -0.1088054  -0.13197555
  0.0410977 ]",-4.276684,-12.530535
/kaggle/input/van-gogh-paintings/Villege/Dunes.jpg,Villege,9,"[-0.00216312  0.89057183  0.17954844 ...  0.00731917 -0.1614495
 -0.08233234]",-9.956664,-2.7454028
/kaggle/input/van-gogh-paintings/Villege/View of the Sea at Scheveningen.jpg,Villege,9,"[-0.09489848  0.780336    0.5460319  ...  0.15465301  0.23090765
 -0.02792249]",-10.691408,-6.1847663
/kaggle/input/van-gogh-paintings/Villege/Women Mending Nets in the Dunes.jpg,Villege,9,"[-0.13789059  0.53484577  0.6309577  ... -0.04099364 -0.2088357
 -0.16841924]",-9.473259,-6.2277293
"/kaggle/input/van-gogh-paintings/Villege/A Girl in the Street, Two Coaches in the Background.jpg",Villege,9,[0.01079934 0.79371136 0.39329323 ... 0.49859506 0.10218208 0.10822175],-11.830346,6.7645917
/kaggle/input/van-gogh-paintings/Villege/Edge of a Wood.jpg,Villege,9,"[-0.22743677  0.3902391  -0.06173302 ...  0.48553663  0.33061633
 -0.01818786]",-13.732372,-3.001087
/kaggle/input/van-gogh-paintings/Villege/Three Figures near a Canal with Windmill.jpg,Villege,9,"[-0.10518297  1.2619442   0.08241828 ...  0.12381811  0.00419378
  0.02412325]",-10.546161,10.356587
/kaggle/input/van-gogh-paintings/Villege/Footbridge across a Ditch.jpg,Villege,9,"[-0.11308751  0.20659955  0.55080986 ... -0.12637417 -0.15874565
 -0.10040163]",-9.800769,1.3385657
/kaggle/input/van-gogh-paintings/Villege/Man Stooping with Stick or Spade.jpg,Villege,9,"[-0.02475935  0.44948697  0.08089165 ...  0.51111984  0.6936075
  0.22342409]",12.308868,10.539539
/kaggle/input/van-gogh-paintings/Villege/A Wind-Beaten Tree.jpg,Villege,9,"[-0.14373587  0.34018493  0.17493978 ... -0.09164115 -0.12923652
 -0.07788697]",-11.133312,-1.8601145
/kaggle/input/van-gogh-paintings/Villege/Fisherman on the Beach.jpg,Villege,9,"[ 0.14830248  0.43837732 -0.18828247 ...  0.33714014 -0.01049324
 -0.07023992]",19.377884,5.8312354
/kaggle/input/van-gogh-paintings/Villege/The Sower study.jpg,Villege,9,"[-0.15663478  0.7952236   0.23483741 ...  0.06688749 -0.07554182
 -0.02843137]",-11.218397,3.8512578
/kaggle/input/van-gogh-paintings/Villege/Beach at Scheveningen in Calm Weather.jpg,Villege,9,"[ 0.12261026  0.3088912   0.39059198 ... -0.04279902 -0.18834728
  0.11986857]",-6.2447925,1.870002
/kaggle/input/van-gogh-paintings/Villege/Two Women in the Woods.jpg,Villege,9,"[-0.13797615  0.30766398  0.5160637  ...  0.24548855 -0.00409357
  0.1488061 ]",4.000009,9.334026
/kaggle/input/van-gogh-paintings/Villege/Cluster of Old Houses with the New Church in The Hague.jpg,Villege,9,"[-0.04176418 -0.03587317  0.26619902 ... -0.15323235  0.0153815
 -0.12612204]",-5.562698,-12.694255
/kaggle/input/van-gogh-paintings/Villege/Lying Cow 2.jpg,Villege,9,"[ 0.02748179  0.47971693 -0.04097943 ... -0.15418214  0.46117616
  0.8147063 ]",-17.461157,4.258315
/kaggle/input/van-gogh-paintings/Villege/Potato Digging Five Figures.jpg,Villege,9,"[-0.09386161  0.6070199   0.27462944 ... -0.05428019  0.1291484
  0.4840534 ]",-10.385929,10.876448
/kaggle/input/van-gogh-paintings/Villege/Dunes with Figures.jpg,Villege,9,"[-0.12713416  1.2686325   0.32713473 ...  0.1338314  -0.08672603
  0.06094779]",-10.013619,2.6228902
/kaggle/input/van-gogh-paintings/Villege/Farmhouses Among Trees.jpg,Villege,9,"[-0.063857   -0.01207414 -0.10991902 ... -0.02602125  0.33595476
 -0.09707955]",-4.539759,-13.447861
/kaggle/input/van-gogh-paintings/Villege/Cottages.jpg,Villege,9,"[-0.07466915  0.27226773  0.03058287 ... -0.14439096  0.11431191
  0.00592194]",-4.4659653,-12.815603
/kaggle/input/van-gogh-paintings/Villege/Landscape with Dunes.jpg,Villege,9,"[-0.1812537   0.6358374   0.5098838  ... -0.05929039 -0.07035015
 -0.00480525]",-10.474994,-1.1471868
/kaggle/input/van-gogh-paintings/Villege/Peasant Burning Weeds.jpg,Villege,9,[0.16526568 0.6201936  0.20164014 ... 0.41637594 0.08382758 0.5864417 ],-9.786518,4.2372065
"/kaggle/input/van-gogh-paintings/Watercolors/Weed Burner, Sitting on a Wheelbarrow with his Wife.jpg",Watercolors,10,[0.5276239  0.3558697  0.23867384 ... 0.39391917 0.07749821 0.6063907 ],-15.656152,10.969223
/kaggle/input/van-gogh-paintings/Watercolors/Trees and Shrubs 2.jpg,Watercolors,10,"[-0.14423062  0.2496818   0.77237225 ... -0.08529902  0.32516778
  0.50025785]",-13.141395,4.6825438
/kaggle/input/van-gogh-paintings/Watercolors/Peasant Girl Raking.jpg,Watercolors,10,[0.2137423  1.7365385  0.01332357 ... 0.1344556  0.28502116 0.33861485],-14.360434,8.996557
"/kaggle/input/van-gogh-paintings/Watercolors/Farmer Sitting at the Fireside, Reading.jpg",Watercolors,10,"[-0.19789663  0.51402026  0.20229119 ... -0.03914164  0.10785232
  0.00286102]",7.3628187,9.03931
/kaggle/input/van-gogh-paintings/Watercolors/Iron Mill in The Hague.jpg,Watercolors,10,"[-0.06118467  0.50654584  0.51767904 ... -0.15518753 -0.14854534
  0.03039684]",-5.668474,-11.427069
/kaggle/input/van-gogh-paintings/Watercolors/Three Woodcutters Walking.jpg,Watercolors,10,[0.37494957 0.42023048 0.34188423 ... 0.07122356 0.5175657  0.12840618],-14.620047,12.233058
/kaggle/input/van-gogh-paintings/Watercolors/Woman with White Shawl in a Wood.jpg,Watercolors,10,"[-0.21647826  0.15778312  0.03717764 ... -0.0826043  -0.06101192
  0.11000363]",5.366116,9.518922
/kaggle/input/van-gogh-paintings/Watercolors/Window of Vincent s Studio at the Asylum.jpg,Watercolors,10,"[-0.04653222  0.23014356  0.2904003  ...  0.0886239  -0.07845752
 -0.07493484]",8.163309,1.9976081
/kaggle/input/van-gogh-paintings/Watercolors/Young Woman Sewing.jpg,Watercolors,10,"[-0.09635451  1.1739317   0.68018955 ...  0.07766879  0.13337815
 -0.03404653]",-13.01437,14.695334
/kaggle/input/van-gogh-paintings/Watercolors/Women Miners.jpg,Watercolors,10,"[-0.0637588  -0.023898    0.34205484 ...  0.10713473  0.11555026
  0.22268216]",4.521463,8.598639
/kaggle/input/van-gogh-paintings/Watercolors/Vincent s House in Arles The Yellow House.jpg,Watercolors,10,"[ 0.09679689  0.3342977   0.41687685 ... -0.1298969  -0.03327098
  0.6273892 ]",-3.938963,-9.691201
/kaggle/input/van-gogh-paintings/Watercolors/The Ramparts of Paris.jpg,Watercolors,10,"[ 0.02385067  0.751223    0.6851196  ... -0.11071287  0.07370481
 -0.052749  ]",-9.914108,-9.477828
/kaggle/input/van-gogh-paintings/Watercolors/Potato Market.jpg,Watercolors,10,"[-5.8948848e-02  3.1291321e-01  4.2496747e-01 ...  1.4106752e-01
  3.2000331e-04 -1.3915184e-01]",2.9580333,-13.952723
/kaggle/input/van-gogh-paintings/Watercolors/Peasant Sitting by the Fireplace_Worn Out.jpg,Watercolors,10,"[-0.04596747  0.20302019  1.0066987  ... -0.12652926  0.14364244
  0.42634246]",-14.215562,15.610703
/kaggle/input/van-gogh-paintings/Watercolors/Woman Sitting at the Fireside.jpg,Watercolors,10,[0.00423939 0.7410419  0.78982455 ... 0.03061885 0.62095237 0.29704767],-14.044922,14.525601
/kaggle/input/van-gogh-paintings/Watercolors/Scheveningen Woman 2.jpg,Watercolors,10,"[-0.13781618  0.28315395  0.15986785 ... -0.00742688  0.00276014
 -0.04993705]",6.7036533,13.226477
/kaggle/input/van-gogh-paintings/Watercolors/View of Scheveningen.jpg,Watercolors,10,"[-0.13482347  0.3769164   1.0635742  ... -0.09906892  0.09886473
 -0.13290665]",-9.608815,-10.124168
"/kaggle/input/van-gogh-paintings/Watercolors/Peasant Woman, Head.jpg",Watercolors,10,"[ 0.09236389  0.5903263   0.55826366 ... -0.14960353 -0.06376363
 -0.14849682]",17.791428,0.2658886
"/kaggle/input/van-gogh-paintings/Watercolors/Standing Woman, Half-Length.jpg",Watercolors,10,"[-0.13494709  0.27074122  0.23293366 ... -0.13392498  0.05974223
 -0.00205181]",8.20216,13.236521
/kaggle/input/van-gogh-paintings/Watercolors/Lower Part of the Windmill De Laakmolen.jpg,Watercolors,10,"[ 0.49748483  0.23103316  0.31120753 ... -0.1303147   0.3492469
 -0.10065619]",-4.164396,-16.72922
/kaggle/input/van-gogh-paintings/Watercolors/The Heath with a Wheelbarrow.jpg,Watercolors,10,"[-0.06406077  0.5819609   0.34434482 ... -0.07606894  0.02119374
  0.42390472]",-9.269916,-6.4270697
/kaggle/input/van-gogh-paintings/Watercolors/Breton Women after Emile Bernard.jpg,Watercolors,10,"[-0.13083193  0.00564779  0.8861688  ... -0.16768275  0.3649451
  0.07589902]",5.9164186,0.9982486
/kaggle/input/van-gogh-paintings/Watercolors/Flowering Shrubs 2.jpg,Watercolors,10,"[-0.13750434 -0.11168514  0.5402891  ...  0.0038018  -0.04158155
  0.15609753]",-5.7223854,-1.0875514
/kaggle/input/van-gogh-paintings/Watercolors/The Landscape in Dr.jpg,Watercolors,10,"[-0.04927979  0.36771604  0.09555945 ... -0.05862038  0.29799402
  0.14023481]",-9.862661,-0.740369
/kaggle/input/van-gogh-paintings/Watercolors/Scheveningen Woman Sewing.jpg,Watercolors,10,"[-0.19800928  0.16148     0.64538574 ...  0.14428502 -0.04296128
  0.2708232 ]",14.351249,-3.0772731
/kaggle/input/van-gogh-paintings/Watercolors/Weaver Facing Left.jpg,Watercolors,10,"[-0.13676633 -0.07987034  0.28569245 ... -0.08991908  0.3100886
 -0.10089663]",-2.1873496,-15.084394
/kaggle/input/van-gogh-paintings/Watercolors/Woman with Dark Cap Sien s Mother.jpg,Watercolors,10,"[ 0.2008708   0.8395936   0.01007253 ... -0.16627859 -0.14846934
 -0.14459734]",17.742495,0.3273249
/kaggle/input/van-gogh-paintings/Watercolors/Woman with a Broom.jpg,Watercolors,10,"[ 0.18461625  0.23321727  0.16070178 ... -0.01827682 -0.13583493
  0.04027382]",4.178719,1.8102852
/kaggle/input/van-gogh-paintings/Works of the young van Gogh/Vicarage at Etten.jpg,Works of the young van Gogh,11,"[-0.05308175  0.2024251  -0.00637769 ... -0.1458973   0.11583605
  0.06493861]",-6.6651807,-14.27392
/kaggle/input/van-gogh-paintings/Works of the young van Gogh/Dog.jpg,Works of the young van Gogh,11,"[-0.18675876  0.24164633  0.79240113 ... -0.10627781  0.4437781
  0.359594  ]",5.6237574,4.063755
/kaggle/input/van-gogh-paintings/Works of the young van Gogh/Sketch of Westminster Bridge and the Houses of Parliament.jpg,Works of the young van Gogh,11,"[-0.11840093 -0.15758537  0.04485712 ... -0.01442072  0.03535378
  0.14379968]",-1.9804739,7.684315
/kaggle/input/van-gogh-paintings/Works of the young van Gogh/View of Helvoirt.jpg,Works of the young van Gogh,11,"[-0.10516305  0.36533275  0.03366498 ... -0.13564645 -0.09655944
 -0.09652857]",-11.4548235,2.1521778
/kaggle/input/van-gogh-paintings/Works of the young van Gogh/Miners in the Snow at Dawn sketch in letter 134.jpg,Works of the young van Gogh,11,"[-0.14256236 -0.14327906  0.9055723  ... -0.05644758  0.15350796
  0.17798954]",-6.575627,6.989908
/kaggle/input/van-gogh-paintings/Works of the young van Gogh/Two Sketches of a Man Leaning on His Spade.jpg,Works of the young van Gogh,11,"[ 0.10876594  0.33477983 -0.12327657 ... -0.15677986 -0.15503792
 -0.03661381]",-15.802874,8.499682
/kaggle/input/van-gogh-paintings/Works of the young van Gogh/Canal.jpg,Works of the young van Gogh,11,"[-0.18822205  0.37181717  0.6100376  ...  0.04502537  0.14314485
 -0.03191794]",-14.44016,-0.49738628
/kaggle/input/van-gogh-paintings/Works of the young van Gogh/Ditch.jpg,Works of the young van Gogh,11,"[-0.05582627  0.3881748   0.19111274 ...  0.08480915  0.4174263
 -0.08489979]",-14.239704,-0.2726274
/kaggle/input/van-gogh-paintings/Works of the young van Gogh/The Au Charbonnage Cafe.jpg,Works of the young van Gogh,11,"[ 0.09994146  0.24233265 -0.03156296 ... -0.12515081  0.3143181
 -0.10199126]",-1.4281896,-11.979193
"/kaggle/input/van-gogh-paintings/Works of the young van Gogh/View of Royal Road, Ramsgate.jpg",Works of the young van Gogh,11,"[ 0.10636117  0.19446132  1.1375213  ...  0.06594225 -0.11524305
  0.1282213 ]",-8.048513,-15.651331
/kaggle/input/van-gogh-paintings/Works of the young van Gogh/Barn and Farmhouse.jpg,Works of the young van Gogh,11,"[ 0.00273821 -0.06257613  0.09000915 ... -0.12013473  0.3856747
  0.02090552]",-1.9754655,-12.959956
"/kaggle/input/van-gogh-paintings/Works of the young van Gogh/Austin Friars Church, London.jpg",Works of the young van Gogh,11,"[-0.08944002 -0.0526666  -0.05012472 ... -0.17203736  0.11774994
  0.5072845 ]",-8.063696,-12.576272
/kaggle/input/van-gogh-paintings/Works of the young van Gogh/Churches at Petersham and Turnham Green.jpg,Works of the young van Gogh,11,"[ 0.11456377  0.09182756  0.01496423 ... -0.1328274   0.27743256
  0.28111744]",-7.730739,-12.877114
/kaggle/input/van-gogh-paintings/Works of the young van Gogh/Milk Jug.jpg,Works of the young van Gogh,11,"[-0.168039   -0.00207257 -0.03435743 ... -0.15743487  0.08851148
 -0.04805145]",1.5545331,5.173733
/kaggle/input/van-gogh-paintings/Works of the young van Gogh/The Bridge.jpg,Works of the young van Gogh,11,"[ 0.19541928  0.17689589  0.46597213 ... -0.09919475  0.29193932
  0.3418107 ]",-11.967196,-12.286161
/kaggle/input/van-gogh-paintings/Works of the young van Gogh/Old Woman Asleep after Rops.jpg,Works of the young van Gogh,11,"[-0.14912723  1.2201874   0.8513015  ...  0.02990087  0.20838195
  0.04150102]",0.9695932,-2.5966947
"/kaggle/input/van-gogh-paintings/Works of the young van Gogh/View of Royal Road, Ramsgate 2.jpg",Works of the young van Gogh,11,"[ 0.11744803 -0.06405776  1.0175021  ... -0.07071506 -0.18172526
  0.10353131]",-7.9096637,-15.607949
/kaggle/input/van-gogh-paintings/Works of the young van Gogh/Corinthian Capital.jpg,Works of the young van Gogh,11,"[-0.12478863 -0.12812653 -0.09691052 ... -0.1632994  -0.22463098
 -0.06029964]",-1.0434173,4.47465
/kaggle/input/van-gogh-paintings/Works of the young van Gogh/Church of Helvoirt.jpg,Works of the young van Gogh,11,"[-0.08843426  0.27134204 -0.10215873 ...  0.2726637   0.31267133
 -0.02061504]",-12.422581,0.10791625
"/kaggle/input/van-gogh-paintings/Works of the young van Gogh/Lange Vijverberg, The Hague.jpg",Works of the young van Gogh,11,"[-0.16564302  0.27411318  0.36523652 ... -0.05905851 -0.00824026
 -0.10643563]",-15.439034,0.99615103
"/kaggle/input/van-gogh-paintings/Works of the young van Gogh/Vincent s Boarding House in Hackford Road, Brixton, London.jpg",Works of the young van Gogh,11,"[-0.07743117  0.14512011  0.36287722 ... -0.08570886 -0.00828924
  0.08817422]",-3.646918,6.414795
/kaggle/input/van-gogh-paintings/Works of the young van Gogh/La Maison Magros.jpg,Works of the young van Gogh,11,"[ 0.1083302   0.12724207 -0.10964147 ... -0.16309588  0.0687001
 -0.11907656]",-6.3320937,-12.826801
/kaggle/input/van-gogh-paintings/Works of the young van Gogh/The Cave of Machpelah.jpg,Works of the young van Gogh,11,"[-0.0730325   0.3709192   0.6588232  ... -0.12625502  0.46985278
  0.3618689 ]",-7.2377357,6.3569756
/kaggle/input/van-gogh-paintings/Works of the young van Gogh/The Goat Herd.jpg,Works of the young van Gogh,11,"[-0.10167474  0.37117076  0.48743415 ...  0.26164046  0.1677269
  0.33040172]",-12.845519,9.79535
/kaggle/input/van-gogh-paintings/Works of the young van Gogh/Sketchbook 1.jpg,Works of the young van Gogh,11,"[-0.18764424  0.21292791  0.42959198 ... -0.09802351 -0.04719407
  0.45236716]",-2.7598257,14.3961
/kaggle/input/van-gogh-paintings/Works of the young van Gogh/Ville dAvray LEtang au Batelier.jpg,Works of the young van Gogh,11,"[-0.07710693  0.09348222  0.2877266  ... -0.00655714  0.1851322
 -0.13402028]",-3.2124288,7.8164854
/kaggle/input/van-gogh-paintings/Works of the young van Gogh/The Surroundings of Croy Castle Near Aarle.jpg,Works of the young van Gogh,11,"[-0.18121625  0.16613609  0.0577918  ... -0.07748242  0.04470414
 -0.07247144]",-11.428423,0.43007618
/kaggle/input/van-gogh-paintings/Works of the young van Gogh/Vicarage and Church at Etten.jpg,Works of the young van Gogh,11,"[-0.08419078  0.22125076  0.15207264 ... -0.17806017  0.00436596
  0.04606317]",-6.428605,-14.02725
